{"stats":{"minecraft:used":{"minecraft:dirt":13},"minecraft:picked_up":{"minecraft:wheat_seeds":2,"minecraft:dirt":13},"minecraft:mined":{"minecraft:grass":16,"minecraft:grass_block":12,"minecraft:acacia_leaves":4,"minecraft:dirt":1},"minecraft:custom":{"minecraft:jump":39,"minecraft:time_since_rest":3080,"minecraft:leave_game":2,"minecraft:play_time":3080,"minecraft:sprint_one_cm":4806,"minecraft:time_since_death":3080,"minecraft:walk_one_cm":4218,"minecraft:total_world_time":3080,"minecraft:fall_one_cm":209,"minecraft:fly_one_cm":9107}},"DataVersion":3337}